Workbook

Sheet Learning_KPI
A2: S.No | B2: Student Name | C2: Class | D2: Subject | E2: Baseline Score | F2: Mid-Term Score | G2: Final Score | H2: Value-Added % | I2: High-Risk (Y/N) | J2: Remarks
A3: 1 | B3: Student A | C3: 7A | D3: Science | E3: 42 | F3: 55 | G3: 67 | H3: =IF(E3>0,(G3-E3)/E3,"") -> 0.5952381 | I3: =IF(G3<40,"Yes","No") -> No | J3: Improved after intervention
A4: 2 | B4: Student B | C4: 7A | D4: Science | E4: 38 | F4: 40 | G4: 43 | H4: =IF(E4>0,(G4-E4)/E4,"") -> 0.13157895 | I4: =IF(G4<40,"Yes","No") -> No | J4: Needs additional support

Sheet Weak_Areas
A2: S.No. | B2: Student Name | C2: Class | D2: Subject | E2: Weak Area Identified | F2: Evidence (Questions/Skills) | G2: Intervention Strategy | H2: Intervention Date | I2: Re-Test Score | J2: Improved? (Y/N)
A3: 1 | B3: Student A | C3: 7A | D3: Math | E3: Fractions | F3: Incorrect Q4, Q7 | G3: Extra worksheets + support | H3: 2025-10-15 | I3: 75 | J3: Yes
A4: 2 | B4: Student B | C4: 7A | D4: Chemistry | E4: Balancing Equations | F4: Errors in Q3, Q6 | G4: Small group reteach | H4: 2025-10-17 | I4: 48 | J4: No

Sheet Teaching_KPI
A2: S.No. | B2: Day | C2: Class | D2: Subject | E2: Topic Planned | F2: Topic Delivered | G2: Syllabus % Completed | H2: Delay Cause (if any) | I2: Recovery Plan
A3: 1 | B3: Sun | C3: 8B | D3: Math | E3: Algebra 1 | F3: Algebra 1 | G3: 0.12
A4: 2 | B4: Mon | C4: 8B | D4: Math | E4: Algebra 2 | G4: 0.12 | H4: Teacher absent | I4: Extra class on Thursday

Sheet Teacher_Attendance
A2: S.No. | B2: Teacher Name | C2: Total Working Days | D2: Days Present | E2: Days Absent | F2: Attendance % | G2: Remarks
A3: 1 | B3: Ms. A | C3: 22 | D3: 22 | E3: 0 | F3: =IF(C3>0,D3/C3,"") -> 1 | G3: Excellent
A4: 2 | B4: Mr. B | C4: 22 | D4: 19 | E4: 3 | F4: =IF(C4>0,D4/C4,"") -> 0.86363636 | G4: Discuss with HR

Sheet Operations_KPI
A2: S.No. | B2: Indicator | C2: Target Value | D2: Actual Value | E2: Status (Met/Not Met) | F2: Notes
A3: 1 | B3: Fee Recovery % | C3: 0.9 | D3: 0.86 | E3: =IF(D3>=C3,"Met","Not Met") -> Not Met | F3: Follow up with defaulters
A4: 2 | B4: Transport On-Time % | C4: 0.98 | D4: 0.98 | E4: =IF(D4>=C4,"Met","Not Met") -> Met | F4: On target

Sheet Fee_Recovery
A2: S.No | B2: Student Name | C2: Class | D2: Fees Due | E2: Fees Paid | F2: Balance | G2: Parent Contacted? | H2: Notes
A3: 1 | B3: Student A | C3: 9A | D3: 45 | E3: 45 | F3: =D3-E3 -> 0
A4: 2 | B4: Student B | C4: 9A | D4: 45 | E4: 20 | F4: =D4-E4 -> 25 | G4: Yes | H4: Promised to pay on 17 Oct

Sheet Cultural_KPI
A2: S.No | B2: Category | C2: Average Score (1-10) | D2: Target Score (1-10) | E2: Status (Met/Not Met) | F2: Notes
A3: 1 | B3: Teacher Satisfaction | C3: 7.8 | D3: 8.5 | E3: =IF(C3>=D3,"Met","Not Met") -> Not Met | F3: Resource constraints
A4: 2 | B4: Student Satisfaction | C4: 8.1 | D4: 8.5 | E4: =IF(C4>=D4,"Met","Not Met") -> Not Met | F4: Discipline issues

Sheet Maintenance
A2: S.No. | B2: Ticket No | C2: Issue Details | D2: Location | E2: Reported By | F2: Date Reported | G2: Status | H2: Date Resolved | I2: Resolution Days | J2: Remarks
A3: 1 | B3: 0012 | C3: Broken window | D3: Grade 7 | E3: Teacher | F3: 2025-10-06 | G3: Closed | H3: 2025-10-07 | I3: =IF(G3="Closed",H3-F3,"") -> 1 | J3: Completed
A4: 2 | B4: 0013 | C4: Water leakage | D4: Lab | E4: HOD | F4: 2025-10-10 | G4: Open | I4: =IF(G4="Closed",H4-F4,"") | J4: Plumber scheduled
A5: 3

Sheet Partnerships
A2: S.No | B2: Partner Organization | C2: Type (NGO/Corporate) | D2: Contact Person | E2: Stage (Initial/Negotiation/Signed) | F2: Expected Outcome | G2: Notes
A3: 1 | B3: Robotex | C3: NGO | D3: Mr. X | E3: Signed | F3: Robotics training for 50 students | G3: Excellent response
A4: 2

Sheet Growth_KPI
A2: S.No. | B2: Indicator | C2: Target | D2: Actual | E2: Status (Met/Not Met) | F2: Remarks
A3: 1 | B3: New Partnerships per Term | C3: 2 | D3: 1 | E3: =IF(D3>=C3,"Met","Not Met") -> Not Met | F3: Need to approach more NGOs
A4: 2 | B4: New Programs per Year | C4: 1 | D4: 1 | E4: =IF(D4>=C4,"Met","Not Met") -> Met | F4: On target
A5: 3 | B5: Community Upskilling per Term | C5: 50 | D5: 32 | E5: =IF(D5>=C5,"Met","Not Met") -> Not Met | F5: Increase parent outreach

Sheet Learning_Summary
A2: S.No | B2: Metric | C2: Formula/Description | D2: Value
A3: 1 | B3: Average Value-Added % | C3: AVERAGE of Learning_KPI!G2:G100 | D3: =AVERAGE(Learning_KPI!H3:H101) -> 0.36340852
A4: 2 | B4: % High-Risk Students | C4: COUNTIF(Final<40)/Total | D4: =IF(COUNTA(Learning_KPI!G3:G101)>0,COUNTIF(Learning_KPI!G3:G101,"<40")/COUNTA(Learning_KPI!G3:G101),"") -> 0
D5: =IF(COUNTA(Learning_KPI!G4:G102)>0,COUNTIF(Learning_KPI!G4:G102,"<40")/COUNTA(Learning_KPI!G4:G102),"") -> 0
D6: =IF(COUNTA(Learning_KPI!G5:G103)>0,COUNTIF(Learning_KPI!G5:G103,"<40")/COUNTA(Learning_KPI!G5:G103),"")
D7: =IF(COUNTA(Learning_KPI!G6:G104)>0,COUNTIF(Learning_KPI!G6:G104,"<40")/COUNTA(Learning_KPI!G6:G104),"")
D8: =IF(COUNTA(Learning_KPI!G7:G105)>0,COUNTIF(Learning_KPI!G7:G105,"<40")/COUNTA(Learning_KPI!G7:G105),"")
D9: =IF(COUNTA(Learning_KPI!G8:G106)>0,COUNTIF(Learning_KPI!G8:G106,"<40")/COUNTA(Learning_KPI!G8:G106),"")
D10: =IF(COUNTA(Learning_KPI!G9:G107)>0,COUNTIF(Learning_KPI!G9:G107,"<40")/COUNTA(Learning_KPI!G9:G107),"")
D11: =IF(COUNTA(Learning_KPI!G10:G108)>0,COUNTIF(Learning_KPI!G10:G108,"<40")/COUNTA(Learning_KPI!G10:G108),"")
D12: =IF(COUNTA(Learning_KPI!G11:G109)>0,COUNTIF(Learning_KPI!G11:G109,"<40")/COUNTA(Learning_KPI!G11:G109),"")
D13: =IF(COUNTA(Learning_KPI!G12:G110)>0,COUNTIF(Learning_KPI!G12:G110,"<40")/COUNTA(Learning_KPI!G12:G110),"")
D14: =IF(COUNTA(Learning_KPI!G13:G111)>0,COUNTIF(Learning_KPI!G13:G111,"<40")/COUNTA(Learning_KPI!G13:G111),"")
D15: =IF(COUNTA(Learning_KPI!G14:G112)>0,COUNTIF(Learning_KPI!G14:G112,"<40")/COUNTA(Learning_KPI!G14:G112),"")
D16: =IF(COUNTA(Learning_KPI!G15:G113)>0,COUNTIF(Learning_KPI!G15:G113,"<40")/COUNTA(Learning_KPI!G15:G113),"")
... D42: =IF(COUNTA(Learning_KPI!G41:G139)>0,COUNTIF(Learning_KPI!G41:G139,"<40")/COUNTA(Learning_KPI!G41:G139),"")
